{
	"partitions" : [
		{
			"name" : "Top",
			"pins" : [
				{
					"name" : "seg7_4[0]",
					"strict" : false
				},
				{
					"name" : "seg7_4[1]",
					"strict" : false
				},
				{
					"name" : "seg7_4[2]",
					"strict" : false
				},
				{
					"name" : "seg7_4[3]",
					"strict" : false
				},
				{
					"name" : "seg7_4[4]",
					"strict" : false
				},
				{
					"name" : "seg7_4[5]",
					"strict" : false
				},
				{
					"name" : "seg7_3[0]",
					"strict" : false
				},
				{
					"name" : "seg7_3[1]",
					"strict" : false
				},
				{
					"name" : "seg7_3[2]",
					"strict" : false
				},
				{
					"name" : "seg7_3[3]",
					"strict" : false
				},
				{
					"name" : "seg7_3[4]",
					"strict" : false
				},
				{
					"name" : "seg7_3[5]",
					"strict" : false
				},
				{
					"name" : "seg7_3[6]",
					"strict" : false
				},
				{
					"name" : "seg7_2[0]",
					"strict" : false
				},
				{
					"name" : "seg7_2[1]",
					"strict" : false
				},
				{
					"name" : "seg7_2[2]",
					"strict" : false
				},
				{
					"name" : "seg7_2[3]",
					"strict" : false
				},
				{
					"name" : "seg7_2[4]",
					"strict" : false
				},
				{
					"name" : "seg7_2[5]",
					"strict" : false
				},
				{
					"name" : "seg7_2[6]",
					"strict" : false
				},
				{
					"name" : "seg7_0[0]",
					"strict" : false
				},
				{
					"name" : "seg7_0[1]",
					"strict" : false
				},
				{
					"name" : "seg7_0[2]",
					"strict" : false
				},
				{
					"name" : "seg7_0[3]",
					"strict" : false
				},
				{
					"name" : "seg7_0[4]",
					"strict" : false
				},
				{
					"name" : "seg7_0[5]",
					"strict" : false
				},
				{
					"name" : "seg7_0[6]",
					"strict" : false
				},
				{
					"name" : "clk",
					"strict" : false
				}
			]
		}
	]
}