{
	"partitions" : [
		{
			"name" : "Top",
			"pins" : [
				{
					"name" : "seg7_0[0]",
					"strict" : false
				},
				{
					"name" : "seg7_0[1]",
					"strict" : false
				},
				{
					"name" : "seg7_0[2]",
					"strict" : false
				},
				{
					"name" : "seg7_0[3]",
					"strict" : false
				},
				{
					"name" : "seg7_0[4]",
					"strict" : false
				},
				{
					"name" : "seg7_0[5]",
					"strict" : false
				},
				{
					"name" : "seg7_0[6]",
					"strict" : false
				},
				{
					"name" : "clk",
					"strict" : false
				}
			]
		}
	]
}