{
	"partitions" : [
		{
			"name" : "Top",
			"pins" : [
				{
					"name" : "seg7_5[0]",
					"strict" : false
				},
				{
					"name" : "seg7_5[2]",
					"strict" : false
				},
				{
					"name" : "seg7_5[3]",
					"strict" : false
				},
				{
					"name" : "seg7_5[4]",
					"strict" : false
				},
				{
					"name" : "seg7_5[5]",
					"strict" : false
				},
				{
					"name" : "seg7_5[6]",
					"strict" : false
				},
				{
					"name" : "seg7_4[0]",
					"strict" : false
				},
				{
					"name" : "seg7_4[1]",
					"strict" : false
				},
				{
					"name" : "seg7_4[2]",
					"strict" : false
				},
				{
					"name" : "seg7_4[3]",
					"strict" : false
				},
				{
					"name" : "seg7_4[4]",
					"strict" : false
				},
				{
					"name" : "seg7_4[5]",
					"strict" : false
				},
				{
					"name" : "seg7_4[6]",
					"strict" : false
				},
				{
					"name" : "clk",
					"strict" : false
				}
			]
		}
	]
}