{
	"partitions" : [
		{
			"name" : "Top",
			"pins" : [
				{
					"name" : "b[0]",
					"strict" : false
				},
				{
					"name" : "b[1]",
					"strict" : false
				},
				{
					"name" : "b[2]",
					"strict" : false
				},
				{
					"name" : "b[3]",
					"strict" : false
				},
				{
					"name" : "b[4]",
					"strict" : false
				},
				{
					"name" : "rst",
					"strict" : false
				},
				{
					"name" : "a[0]",
					"strict" : false
				},
				{
					"name" : "a[1]",
					"strict" : false
				},
				{
					"name" : "clk",
					"strict" : false
				}
			]
		}
	]
}