{
	"partitions" : [
		{
			"name" : "Top",
			"pins" : [
				{
					"name" : "seg7_5[0]",
					"strict" : false
				},
				{
					"name" : "seg7_5[2]",
					"strict" : false
				},
				{
					"name" : "seg7_5[3]",
					"strict" : false
				},
				{
					"name" : "seg7_5[4]",
					"strict" : false
				},
				{
					"name" : "seg7_5[5]",
					"strict" : false
				},
				{
					"name" : "seg7_5[6]",
					"strict" : false
				},
				{
					"name" : "seg7_4[0]",
					"strict" : false
				},
				{
					"name" : "seg7_4[1]",
					"strict" : false
				},
				{
					"name" : "seg7_4[2]",
					"strict" : false
				},
				{
					"name" : "seg7_4[3]",
					"strict" : false
				},
				{
					"name" : "seg7_4[4]",
					"strict" : false
				},
				{
					"name" : "seg7_4[5]",
					"strict" : false
				},
				{
					"name" : "seg7_4[6]",
					"strict" : false
				},
				{
					"name" : "seg7_3[0]",
					"strict" : false
				},
				{
					"name" : "seg7_3[1]",
					"strict" : false
				},
				{
					"name" : "seg7_3[2]",
					"strict" : false
				},
				{
					"name" : "seg7_3[3]",
					"strict" : false
				},
				{
					"name" : "seg7_3[4]",
					"strict" : false
				},
				{
					"name" : "seg7_3[5]",
					"strict" : false
				},
				{
					"name" : "seg7_3[6]",
					"strict" : false
				},
				{
					"name" : "seg7_2[0]",
					"strict" : false
				},
				{
					"name" : "seg7_2[1]",
					"strict" : false
				},
				{
					"name" : "seg7_2[2]",
					"strict" : false
				},
				{
					"name" : "seg7_2[3]",
					"strict" : false
				},
				{
					"name" : "seg7_2[4]",
					"strict" : false
				},
				{
					"name" : "seg7_2[5]",
					"strict" : false
				},
				{
					"name" : "seg7_2[6]",
					"strict" : false
				},
				{
					"name" : "led",
					"strict" : false
				},
				{
					"name" : "rst",
					"strict" : false
				},
				{
					"name" : "hr1[0]",
					"strict" : false
				},
				{
					"name" : "hr1[1]",
					"strict" : false
				},
				{
					"name" : "hr0[1]",
					"strict" : false
				},
				{
					"name" : "hr0[0]",
					"strict" : false
				},
				{
					"name" : "hr0[3]",
					"strict" : false
				},
				{
					"name" : "hr0[2]",
					"strict" : false
				},
				{
					"name" : "min0[3]",
					"strict" : false
				},
				{
					"name" : "min0[2]",
					"strict" : false
				},
				{
					"name" : "min0[0]",
					"strict" : false
				},
				{
					"name" : "min0[1]",
					"strict" : false
				},
				{
					"name" : "min1[2]",
					"strict" : false
				},
				{
					"name" : "min1[0]",
					"strict" : false
				},
				{
					"name" : "min1[1]",
					"strict" : false
				},
				{
					"name" : "clk",
					"strict" : false
				}
			]
		}
	]
}