{
	"partitions" : [
		{
			"name" : "Top",
			"pins" : [
				{
					"name" : "a_seg7[0]",
					"strict" : false
				},
				{
					"name" : "a_seg7[1]",
					"strict" : false
				},
				{
					"name" : "a_seg7[2]",
					"strict" : false
				},
				{
					"name" : "a_seg7[3]",
					"strict" : false
				},
				{
					"name" : "a_seg7[4]",
					"strict" : false
				},
				{
					"name" : "a_seg7[5]",
					"strict" : false
				},
				{
					"name" : "a_seg7[6]",
					"strict" : false
				},
				{
					"name" : "a_dpt",
					"strict" : false
				},
				{
					"name" : "b_seg7[0]",
					"strict" : false
				},
				{
					"name" : "b_seg7[1]",
					"strict" : false
				},
				{
					"name" : "b_seg7[2]",
					"strict" : false
				},
				{
					"name" : "b_seg7[3]",
					"strict" : false
				},
				{
					"name" : "b_seg7[4]",
					"strict" : false
				},
				{
					"name" : "b_seg7[5]",
					"strict" : false
				},
				{
					"name" : "b_seg7[6]",
					"strict" : false
				},
				{
					"name" : "b_dpt",
					"strict" : false
				},
				{
					"name" : "sel_out[0]",
					"strict" : false
				},
				{
					"name" : "sel_out[1]",
					"strict" : false
				},
				{
					"name" : "cout",
					"strict" : false
				},
				{
					"name" : "sum_seg7[0]",
					"strict" : false
				},
				{
					"name" : "sum_seg7[1]",
					"strict" : false
				},
				{
					"name" : "sum_seg7[2]",
					"strict" : false
				},
				{
					"name" : "sum_seg7[3]",
					"strict" : false
				},
				{
					"name" : "sum_seg7[4]",
					"strict" : false
				},
				{
					"name" : "sum_seg7[5]",
					"strict" : false
				},
				{
					"name" : "sum_seg7[6]",
					"strict" : false
				},
				{
					"name" : "sum_dpt",
					"strict" : false
				},
				{
					"name" : "a[0]",
					"strict" : false
				},
				{
					"name" : "a[1]",
					"strict" : false
				},
				{
					"name" : "a[2]",
					"strict" : false
				},
				{
					"name" : "a[3]",
					"strict" : false
				},
				{
					"name" : "b[0]",
					"strict" : false
				},
				{
					"name" : "b[1]",
					"strict" : false
				},
				{
					"name" : "b[2]",
					"strict" : false
				},
				{
					"name" : "b[3]",
					"strict" : false
				},
				{
					"name" : "sel[0]",
					"strict" : false
				},
				{
					"name" : "sel[1]",
					"strict" : false
				}
			]
		}
	]
}