{
	"partitions" : [
		{
			"name" : "Top",
			"pins" : [
				{
					"name" : "kr_sel[0]",
					"strict" : false
				},
				{
					"name" : "kr_sel[1]",
					"strict" : false
				},
				{
					"name" : "kr_sel[2]",
					"strict" : false
				},
				{
					"name" : "kr_sel[3]",
					"strict" : false
				},
				{
					"name" : "press",
					"strict" : false
				},
				{
					"name" : "scan_code[0]",
					"strict" : false
				},
				{
					"name" : "scan_code[1]",
					"strict" : false
				},
				{
					"name" : "scan_code[2]",
					"strict" : false
				},
				{
					"name" : "scan_code[3]",
					"strict" : false
				},
				{
					"name" : "buf_flag[0]",
					"strict" : false
				},
				{
					"name" : "buf_flag[1]",
					"strict" : false
				},
				{
					"name" : "buf_flag[2]",
					"strict" : false
				},
				{
					"name" : "buf_flag[3]",
					"strict" : false
				},
				{
					"name" : "buf_flag[4]",
					"strict" : false
				},
				{
					"name" : "buf_flag[5]",
					"strict" : false
				},
				{
					"name" : "key_buf_code[0]",
					"strict" : false
				},
				{
					"name" : "key_buf_code[1]",
					"strict" : false
				},
				{
					"name" : "key_buf_code[2]",
					"strict" : false
				},
				{
					"name" : "key_buf_code[3]",
					"strict" : false
				},
				{
					"name" : "key_buf_code[4]",
					"strict" : false
				},
				{
					"name" : "key_buf_code[5]",
					"strict" : false
				},
				{
					"name" : "key_buf_code[6]",
					"strict" : false
				},
				{
					"name" : "key_buf_code[7]",
					"strict" : false
				},
				{
					"name" : "key_buf_code[8]",
					"strict" : false
				},
				{
					"name" : "key_buf_code[9]",
					"strict" : false
				},
				{
					"name" : "key_buf_code[10]",
					"strict" : false
				},
				{
					"name" : "key_buf_code[11]",
					"strict" : false
				},
				{
					"name" : "key_buf_code[12]",
					"strict" : false
				},
				{
					"name" : "key_buf_code[13]",
					"strict" : false
				},
				{
					"name" : "key_buf_code[14]",
					"strict" : false
				},
				{
					"name" : "key_buf_code[15]",
					"strict" : false
				},
				{
					"name" : "key_buf_code[16]",
					"strict" : false
				},
				{
					"name" : "key_buf_code[17]",
					"strict" : false
				},
				{
					"name" : "key_buf_code[18]",
					"strict" : false
				},
				{
					"name" : "key_buf_code[19]",
					"strict" : false
				},
				{
					"name" : "key_buf_code[20]",
					"strict" : false
				},
				{
					"name" : "key_buf_code[21]",
					"strict" : false
				},
				{
					"name" : "key_buf_code[22]",
					"strict" : false
				},
				{
					"name" : "key_buf_code[23]",
					"strict" : false
				},
				{
					"name" : "kc_sel[0]",
					"strict" : false
				},
				{
					"name" : "kc_sel[1]",
					"strict" : false
				},
				{
					"name" : "kc_sel[2]",
					"strict" : false
				},
				{
					"name" : "kc_sel[3]",
					"strict" : false
				},
				{
					"name" : "clk",
					"strict" : false
				},
				{
					"name" : "rst",
					"strict" : false
				}
			]
		}
	]
}