{
	"partitions" : [
		{
			"name" : "Top",
			"pins" : [
				{
					"name" : "seg7_0[0]",
					"strict" : false
				},
				{
					"name" : "seg7_0[3]",
					"strict" : false
				},
				{
					"name" : "seg7_0[4]",
					"strict" : false
				},
				{
					"name" : "seg7_0[5]",
					"strict" : false
				},
				{
					"name" : "seg7_0[6]",
					"strict" : false
				},
				{
					"name" : "seg7_1[1]",
					"strict" : false
				},
				{
					"name" : "seg7_1[2]",
					"strict" : false
				},
				{
					"name" : "seg7_1[4]",
					"strict" : false
				},
				{
					"name" : "seg7_1[5]",
					"strict" : false
				},
				{
					"name" : "seg7_1[6]",
					"strict" : false
				},
				{
					"name" : "seg7_2[1]",
					"strict" : false
				},
				{
					"name" : "seg7_2[4]",
					"strict" : false
				},
				{
					"name" : "seg7_2[5]",
					"strict" : false
				},
				{
					"name" : "seg7_2[6]",
					"strict" : false
				},
				{
					"name" : "in[0]",
					"strict" : false
				},
				{
					"name" : "in[2]",
					"strict" : false
				},
				{
					"name" : "in[1]",
					"strict" : false
				}
			]
		}
	]
}