{
	"partitions" : [
		{
			"name" : "Top",
			"pins" : [
				{
					"name" : "J4[1]",
					"strict" : false
				},
				{
					"name" : "J4[2]",
					"strict" : false
				},
				{
					"name" : "J4[3]",
					"strict" : false
				},
				{
					"name" : "J4[4]",
					"strict" : false
				},
				{
					"name" : "J4[5]",
					"strict" : false
				},
				{
					"name" : "J4[6]",
					"strict" : false
				},
				{
					"name" : "J4[7]",
					"strict" : false
				},
				{
					"name" : "J4[8]",
					"strict" : false
				},
				{
					"name" : "J7[1]",
					"strict" : false
				},
				{
					"name" : "J7[2]",
					"strict" : false
				},
				{
					"name" : "J7[3]",
					"strict" : false
				},
				{
					"name" : "J7[4]",
					"strict" : false
				},
				{
					"name" : "J7[5]",
					"strict" : false
				},
				{
					"name" : "J7[6]",
					"strict" : false
				},
				{
					"name" : "J7[7]",
					"strict" : false
				},
				{
					"name" : "J7[8]",
					"strict" : false
				},
				{
					"name" : "rst",
					"strict" : false
				},
				{
					"name" : "clk",
					"strict" : false
				}
			]
		}
	]
}